product_name,topic_id,doc_count,label,top_keywords
Acumatica,4,74,processes | modern | distribution,"processes, modern, distribution, purchasing, visibility, sales, inventory, operations, crm, project"
Acumatica,11,21,benefits | benefit | productivity,"benefits, benefit, productivity, efficient, ease, biggest, single, work, employees"
Acumatica,0,20,accounting | invoices | accounts,"accounting, invoices, accounts, invoicing, bookkeeping, keeping, track, payments, small, payroll"
Acumatica,6,18,inventory | sales | inventory management,"inventory, sales, inventory management, orders, tracking, customer, stock, customers, products, control"
Acumatica,13,13,data | dashboards | dashboard,"data, dashboards, dashboard, ability, excel, visibility, organized, making, information, analyze"
Acumatica,2,10,reports | financial | report,"reports, financial, report, data, information, run, best, financial reports, generate"
Acumatica,5,9,expenses | tracking | year,"expenses, tracking, year, track, expense, money, budget, tax, reports, tracking expenses"
Acumatica,10,6,access | based | user,"access, based, user, data, working, connect, big, multiple, mobile, users"
Acumatica,7,5,allows | track | payroll,"allows, track, payroll, helps, accounting, employees, financial, pay, keeps"
Acumatica,20,5,systems | integrated | different,"systems, integrated, different, multiple, having, business process, touch, companies, problems, processes"
Acumatica,27,5,real | integration | integrations,"real, integration, integrations, care, single, data, operations, daily"
Acumatica,9,4,bank | reconciliation | financial,"bank, reconciliation, financial, credit, salesforce, force, reconciliations, transactions, credit card, transaction"
Acumatica,14,4,problems | issues | solved,"problems, issues, solved, problem, solving, resolve, problems solved, solve, service, issue"
Acumatica,16,4,needed | posting | integrate,"needed, posting, integrate, needing, financial, core, control, excellent, warehouse, entities"
Acumatica,26,3,auto | tasks | automate,"auto, tasks, automate, streamline, automation, manual, team, work, developing, simplify"
Acumatica,18,2,ap ar | ar ap | implemented,"ap ar, ar ap, implemented, billing, force, fixed assets, accounting easy"
Acumatica,21,1,profit | profit loss | loss,"profit, profit loss, loss, profitability, performance, doing, improved, business performance, faster, financially"
Acumatica,22,1,month end | month | end,"month end, month, end, close, loss, year end, monthly, profit loss, process, end month"
Acumatica,24,1,journal | capabilities | allow,"journal, capabilities, allow, specific, meet, business needs, journal entries, customizable, cycle, making"
Acumatica,25,1,didn | intuitive | simple,"didn, intuitive, simple, fast, user friendly, friendly, things"
Certinia,0,31,accounting | invoices | accounts,"accounting, invoices, accounts, invoicing, bookkeeping, keeping, track, payments, small, payroll"
Certinia,9,29,bank | reconciliation | financial,"bank, reconciliation, financial, credit, salesforce, force, reconciliations, transactions, credit card, transaction"
Certinia,2,21,reports | financial | report,"reports, financial, report, data, information, run, best, financial reports, generate"
Certinia,19,18,salesforce | seamless | processes,"salesforce, seamless, processes, analyze, data, integrate, billing, accounting"
Certinia,11,9,benefits | benefit | productivity,"benefits, benefit, productivity, efficient, ease, biggest, single, work, employees"
Certinia,7,8,allows | track | payroll,"allows, track, payroll, helps, accounting, employees, financial, pay, keeps"
Certinia,20,8,systems | integrated | different,"systems, integrated, different, multiple, having, business process, touch, companies, problems, processes"
Certinia,16,6,needed | posting | integrate,"needed, posting, integrate, needing, financial, core, control, excellent, warehouse, entities"
Certinia,10,5,access | based | user,"access, based, user, data, working, connect, big, multiple, mobile, users"
Certinia,14,5,problems | issues | solved,"problems, issues, solved, problem, solving, resolve, problems solved, solve, service, issue"
Certinia,13,4,data | dashboards | dashboard,"data, dashboards, dashboard, ability, excel, visibility, organized, making, information, analyze"
Certinia,21,4,profit | profit loss | loss,"profit, profit loss, loss, profitability, performance, doing, improved, business performance, faster, financially"
Certinia,26,4,auto | tasks | automate,"auto, tasks, automate, streamline, automation, manual, team, work, developing, simplify"
Certinia,6,3,inventory | sales | inventory management,"inventory, sales, inventory management, orders, tracking, customer, stock, customers, products, control"
Certinia,18,3,ap ar | ar ap | implemented,"ap ar, ar ap, implemented, billing, force, fixed assets, accounting easy"
Certinia,5,2,expenses | tracking | year,"expenses, tracking, year, track, expense, money, budget, tax, reports, tracking expenses"
Certinia,1,1,accounting | clients | payroll,"accounting, clients, payroll, track, small, allows, reports, helps, invoices, work"
Certinia,4,1,processes | modern | distribution,"processes, modern, distribution, purchasing, visibility, sales, inventory, operations, crm, project"
Certinia,22,1,month end | month | end,"month end, month, end, close, loss, year end, monthly, profit loss, process, end month"
Certinia,27,1,real | integration | integrations,"real, integration, integrations, care, single, data, operations, daily"
Microsoft Dynamics 365,12,36,did | general | office,"did, general, office, general ledger, accounting, support, ledger, needs"
Microsoft Dynamics 365,0,33,accounting | invoices | accounts,"accounting, invoices, accounts, invoicing, bookkeeping, keeping, track, payments, small, payroll"
Microsoft Dynamics 365,6,23,inventory | sales | inventory management,"inventory, sales, inventory management, orders, tracking, customer, stock, customers, products, control"
Microsoft Dynamics 365,17,20,finance | sales | offering,"finance, sales, offering, fixed assets, purchase, set, teams, realtime, asset, fixed"
Microsoft Dynamics 365,13,15,data | dashboards | dashboard,"data, dashboards, dashboard, ability, excel, visibility, organized, making, information, analyze"
Microsoft Dynamics 365,2,13,reports | financial | report,"reports, financial, report, data, information, run, best, financial reports, generate"
Microsoft Dynamics 365,7,13,allows | track | payroll,"allows, track, payroll, helps, accounting, employees, financial, pay, keeps"
Microsoft Dynamics 365,16,13,needed | posting | integrate,"needed, posting, integrate, needing, financial, core, control, excellent, warehouse, entities"
Microsoft Dynamics 365,11,11,benefits | benefit | productivity,"benefits, benefit, productivity, efficient, ease, biggest, single, work, employees"
Microsoft Dynamics 365,9,7,bank | reconciliation | financial,"bank, reconciliation, financial, credit, salesforce, force, reconciliations, transactions, credit card, transaction"
Microsoft Dynamics 365,10,7,access | based | user,"access, based, user, data, working, connect, big, multiple, mobile, users"
Microsoft Dynamics 365,14,6,problems | issues | solved,"problems, issues, solved, problem, solving, resolve, problems solved, solve, service, issue"
Microsoft Dynamics 365,22,5,month end | month | end,"month end, month, end, close, loss, year end, monthly, profit loss, process, end month"
Microsoft Dynamics 365,5,4,expenses | tracking | year,"expenses, tracking, year, track, expense, money, budget, tax, reports, tracking expenses"
Microsoft Dynamics 365,15,4,payroll | taxes | employees,"payroll, taxes, employees, direct, tax, vendors, information, simple, year, print"
Microsoft Dynamics 365,18,4,ap ar | ar ap | implemented,"ap ar, ar ap, implemented, billing, force, fixed assets, accounting easy"
Microsoft Dynamics 365,1,2,accounting | clients | payroll,"accounting, clients, payroll, track, small, allows, reports, helps, invoices, work"
Microsoft Dynamics 365,4,1,processes | modern | distribution,"processes, modern, distribution, purchasing, visibility, sales, inventory, operations, crm, project"
Microsoft Dynamics 365,8,1,data | database | better,"data, database, better, real, solutions, new, performance, case"
Microsoft Dynamics 365,20,1,systems | integrated | different,"systems, integrated, different, multiple, having, business process, touch, companies, problems, processes"
Microsoft Dynamics 365,21,1,profit | profit loss | loss,"profit, profit loss, loss, profitability, performance, doing, improved, business performance, faster, financially"
Microsoft Dynamics 365,25,1,didn | intuitive | simple,"didn, intuitive, simple, fast, user friendly, friendly, things"
Oracle NetSuite,24,7,journal | capabilities | allow,"journal, capabilities, allow, specific, meet, business needs, journal entries, customizable, cycle, making"
Oracle NetSuite,13,2,data | dashboards | dashboard,"data, dashboards, dashboard, ability, excel, visibility, organized, making, information, analyze"
Oracle NetSuite,6,1,inventory | sales | inventory management,"inventory, sales, inventory management, orders, tracking, customer, stock, customers, products, control"
Oracle NetSuite,20,1,systems | integrated | different,"systems, integrated, different, multiple, having, business process, touch, companies, problems, processes"
Oracle NetSuite,27,1,real | integration | integrations,"real, integration, integrations, care, single, data, operations, daily"
QuickBooks Desktop Pro,1,272,accounting | clients | payroll,"accounting, clients, payroll, track, small, allows, reports, helps, invoices, work"
QuickBooks Desktop Pro,0,217,accounting | invoices | accounts,"accounting, invoices, accounts, invoicing, bookkeeping, keeping, track, payments, small, payroll"
QuickBooks Desktop Pro,5,52,expenses | tracking | year,"expenses, tracking, year, track, expense, money, budget, tax, reports, tracking expenses"
QuickBooks Desktop Pro,7,52,allows | track | payroll,"allows, track, payroll, helps, accounting, employees, financial, pay, keeps"
QuickBooks Desktop Pro,2,37,reports | financial | report,"reports, financial, report, data, information, run, best, financial reports, generate"
QuickBooks Desktop Pro,11,23,benefits | benefit | productivity,"benefits, benefit, productivity, efficient, ease, biggest, single, work, employees"
QuickBooks Desktop Pro,15,21,payroll | taxes | employees,"payroll, taxes, employees, direct, tax, vendors, information, simple, year, print"
QuickBooks Desktop Pro,6,16,inventory | sales | inventory management,"inventory, sales, inventory management, orders, tracking, customer, stock, customers, products, control"
QuickBooks Desktop Pro,21,14,profit | profit loss | loss,"profit, profit loss, loss, profitability, performance, doing, improved, business performance, faster, financially"
QuickBooks Desktop Pro,9,11,bank | reconciliation | financial,"bank, reconciliation, financial, credit, salesforce, force, reconciliations, transactions, credit card, transaction"
QuickBooks Desktop Pro,13,10,data | dashboards | dashboard,"data, dashboards, dashboard, ability, excel, visibility, organized, making, information, analyze"
QuickBooks Desktop Pro,10,9,access | based | user,"access, based, user, data, working, connect, big, multiple, mobile, users"
QuickBooks Desktop Pro,25,9,didn | intuitive | simple,"didn, intuitive, simple, fast, user friendly, friendly, things"
QuickBooks Desktop Pro,18,7,ap ar | ar ap | implemented,"ap ar, ar ap, implemented, billing, force, fixed assets, accounting easy"
QuickBooks Desktop Pro,14,6,problems | issues | solved,"problems, issues, solved, problem, solving, resolve, problems solved, solve, service, issue"
QuickBooks Desktop Pro,20,6,systems | integrated | different,"systems, integrated, different, multiple, having, business process, touch, companies, problems, processes"
QuickBooks Desktop Pro,28,6,checks | cutting | primary,"checks, cutting, primary, bills, payables, check, set, don"
QuickBooks Desktop Pro,16,2,needed | posting | integrate,"needed, posting, integrate, needing, financial, core, control, excellent, warehouse, entities"
QuickBooks Desktop Pro,23,2,financial | financial management | planning,"financial, financial management, planning, balances, perform, financials, asset management, according, analysis, significant"
QuickBooks Desktop Pro,26,2,auto | tasks | automate,"auto, tasks, automate, streamline, automation, manual, team, work, developing, simplify"
QuickBooks Desktop Pro,27,1,real | integration | integrations,"real, integration, integrations, care, single, data, operations, daily"
QuickBooks Enterprise,1,113,accounting | clients | payroll,"accounting, clients, payroll, track, small, allows, reports, helps, invoices, work"
QuickBooks Enterprise,0,82,accounting | invoices | accounts,"accounting, invoices, accounts, invoicing, bookkeeping, keeping, track, payments, small, payroll"
QuickBooks Enterprise,7,28,allows | track | payroll,"allows, track, payroll, helps, accounting, employees, financial, pay, keeps"
QuickBooks Enterprise,2,22,reports | financial | report,"reports, financial, report, data, information, run, best, financial reports, generate"
QuickBooks Enterprise,5,20,expenses | tracking | year,"expenses, tracking, year, track, expense, money, budget, tax, reports, tracking expenses"
QuickBooks Enterprise,6,17,inventory | sales | inventory management,"inventory, sales, inventory management, orders, tracking, customer, stock, customers, products, control"
QuickBooks Enterprise,11,7,benefits | benefit | productivity,"benefits, benefit, productivity, efficient, ease, biggest, single, work, employees"
QuickBooks Enterprise,15,7,payroll | taxes | employees,"payroll, taxes, employees, direct, tax, vendors, information, simple, year, print"
QuickBooks Enterprise,10,5,access | based | user,"access, based, user, data, working, connect, big, multiple, mobile, users"
QuickBooks Enterprise,14,5,problems | issues | solved,"problems, issues, solved, problem, solving, resolve, problems solved, solve, service, issue"
QuickBooks Enterprise,9,3,bank | reconciliation | financial,"bank, reconciliation, financial, credit, salesforce, force, reconciliations, transactions, credit card, transaction"
QuickBooks Enterprise,20,3,systems | integrated | different,"systems, integrated, different, multiple, having, business process, touch, companies, problems, processes"
QuickBooks Enterprise,21,3,profit | profit loss | loss,"profit, profit loss, loss, profitability, performance, doing, improved, business performance, faster, financially"
QuickBooks Enterprise,13,2,data | dashboards | dashboard,"data, dashboards, dashboard, ability, excel, visibility, organized, making, information, analyze"
QuickBooks Enterprise,18,1,ap ar | ar ap | implemented,"ap ar, ar ap, implemented, billing, force, fixed assets, accounting easy"
QuickBooks Enterprise,19,1,salesforce | seamless | processes,"salesforce, seamless, processes, analyze, data, integrate, billing, accounting"
QuickBooks Enterprise,22,1,month end | month | end,"month end, month, end, close, loss, year end, monthly, profit loss, process, end month"
QuickBooks Enterprise,24,1,journal | capabilities | allow,"journal, capabilities, allow, specific, meet, business needs, journal entries, customizable, cycle, making"
QuickBooks Enterprise,25,1,didn | intuitive | simple,"didn, intuitive, simple, fast, user friendly, friendly, things"
QuickBooks Enterprise,26,1,auto | tasks | automate,"auto, tasks, automate, streamline, automation, manual, team, work, developing, simplify"
QuickBooks Enterprise,27,1,real | integration | integrations,"real, integration, integrations, care, single, data, operations, daily"
QuickBooks Enterprise,28,1,checks | cutting | primary,"checks, cutting, primary, bills, payables, check, set, don"
QuickBooks Online,1,230,accounting | clients | payroll,"accounting, clients, payroll, track, small, allows, reports, helps, invoices, work"
QuickBooks Online,0,164,accounting | invoices | accounts,"accounting, invoices, accounts, invoicing, bookkeeping, keeping, track, payments, small, payroll"
QuickBooks Online,5,30,expenses | tracking | year,"expenses, tracking, year, track, expense, money, budget, tax, reports, tracking expenses"
QuickBooks Online,7,26,allows | track | payroll,"allows, track, payroll, helps, accounting, employees, financial, pay, keeps"
QuickBooks Online,9,20,bank | reconciliation | financial,"bank, reconciliation, financial, credit, salesforce, force, reconciliations, transactions, credit card, transaction"
QuickBooks Online,2,19,reports | financial | report,"reports, financial, report, data, information, run, best, financial reports, generate"
QuickBooks Online,10,17,access | based | user,"access, based, user, data, working, connect, big, multiple, mobile, users"
QuickBooks Online,14,14,problems | issues | solved,"problems, issues, solved, problem, solving, resolve, problems solved, solve, service, issue"
QuickBooks Online,11,12,benefits | benefit | productivity,"benefits, benefit, productivity, efficient, ease, biggest, single, work, employees"
QuickBooks Online,6,9,inventory | sales | inventory management,"inventory, sales, inventory management, orders, tracking, customer, stock, customers, products, control"
QuickBooks Online,13,9,data | dashboards | dashboard,"data, dashboards, dashboard, ability, excel, visibility, organized, making, information, analyze"
QuickBooks Online,15,8,payroll | taxes | employees,"payroll, taxes, employees, direct, tax, vendors, information, simple, year, print"
QuickBooks Online,22,5,month end | month | end,"month end, month, end, close, loss, year end, monthly, profit loss, process, end month"
QuickBooks Online,25,5,didn | intuitive | simple,"didn, intuitive, simple, fast, user friendly, friendly, things"
QuickBooks Online,21,4,profit | profit loss | loss,"profit, profit loss, loss, profitability, performance, doing, improved, business performance, faster, financially"
QuickBooks Online,18,2,ap ar | ar ap | implemented,"ap ar, ar ap, implemented, billing, force, fixed assets, accounting easy"
QuickBooks Online,20,1,systems | integrated | different,"systems, integrated, different, multiple, having, business process, touch, companies, problems, processes"
QuickBooks Online,27,1,real | integration | integrations,"real, integration, integrations, care, single, data, operations, daily"
QuickBooks Online,28,1,checks | cutting | primary,"checks, cutting, primary, bills, payables, check, set, don"
SAP S/4HANA Cloud,8,53,data | database | better,"data, database, better, real, solutions, new, performance, case"
SAP S/4HANA Cloud,13,10,data | dashboards | dashboard,"data, dashboards, dashboard, ability, excel, visibility, organized, making, information, analyze"
SAP S/4HANA Cloud,0,7,accounting | invoices | accounts,"accounting, invoices, accounts, invoicing, bookkeeping, keeping, track, payments, small, payroll"
SAP S/4HANA Cloud,11,6,benefits | benefit | productivity,"benefits, benefit, productivity, efficient, ease, biggest, single, work, employees"
SAP S/4HANA Cloud,2,5,reports | financial | report,"reports, financial, report, data, information, run, best, financial reports, generate"
SAP S/4HANA Cloud,6,4,inventory | sales | inventory management,"inventory, sales, inventory management, orders, tracking, customer, stock, customers, products, control"
SAP S/4HANA Cloud,27,4,real | integration | integrations,"real, integration, integrations, care, single, data, operations, daily"
SAP S/4HANA Cloud,7,3,allows | track | payroll,"allows, track, payroll, helps, accounting, employees, financial, pay, keeps"
SAP S/4HANA Cloud,9,3,bank | reconciliation | financial,"bank, reconciliation, financial, credit, salesforce, force, reconciliations, transactions, credit card, transaction"
SAP S/4HANA Cloud,10,3,access | based | user,"access, based, user, data, working, connect, big, multiple, mobile, users"
SAP S/4HANA Cloud,22,3,month end | month | end,"month end, month, end, close, loss, year end, monthly, profit loss, process, end month"
SAP S/4HANA Cloud,26,2,auto | tasks | automate,"auto, tasks, automate, streamline, automation, manual, team, work, developing, simplify"
SAP S/4HANA Cloud,14,1,problems | issues | solved,"problems, issues, solved, problem, solving, resolve, problems solved, solve, service, issue"
SAP S/4HANA Cloud,16,1,needed | posting | integrate,"needed, posting, integrate, needing, financial, core, control, excellent, warehouse, entities"
SAP S/4HANA Cloud,18,1,ap ar | ar ap | implemented,"ap ar, ar ap, implemented, billing, force, fixed assets, accounting easy"
SAP S/4HANA Cloud,21,1,profit | profit loss | loss,"profit, profit loss, loss, profitability, performance, doing, improved, business performance, faster, financially"
SAP S/4HANA Cloud,25,1,didn | intuitive | simple,"didn, intuitive, simple, fast, user friendly, friendly, things"
Sage Intacct,0,4,accounting | invoices | accounts,"accounting, invoices, accounts, invoicing, bookkeeping, keeping, track, payments, small, payroll"
Sage Intacct,2,4,reports | financial | report,"reports, financial, report, data, information, run, best, financial reports, generate"
Sage Intacct,10,3,access | based | user,"access, based, user, data, working, connect, big, multiple, mobile, users"
Sage Intacct,13,3,data | dashboards | dashboard,"data, dashboards, dashboard, ability, excel, visibility, organized, making, information, analyze"
Sage Intacct,5,1,expenses | tracking | year,"expenses, tracking, year, track, expense, money, budget, tax, reports, tracking expenses"
Sage Intacct,7,1,allows | track | payroll,"allows, track, payroll, helps, accounting, employees, financial, pay, keeps"
Sage Intacct,18,1,ap ar | ar ap | implemented,"ap ar, ar ap, implemented, billing, force, fixed assets, accounting easy"
Sage Intacct,27,1,real | integration | integrations,"real, integration, integrations, care, single, data, operations, daily"
Workday Financial Management,23,14,financial | financial management | planning,"financial, financial management, planning, balances, perform, financials, asset management, according, analysis, significant"
Workday Financial Management,7,6,allows | track | payroll,"allows, track, payroll, helps, accounting, employees, financial, pay, keeps"
Workday Financial Management,11,5,benefits | benefit | productivity,"benefits, benefit, productivity, efficient, ease, biggest, single, work, employees"
Workday Financial Management,15,4,payroll | taxes | employees,"payroll, taxes, employees, direct, tax, vendors, information, simple, year, print"
Workday Financial Management,2,2,reports | financial | report,"reports, financial, report, data, information, run, best, financial reports, generate"
Workday Financial Management,13,2,data | dashboards | dashboard,"data, dashboards, dashboard, ability, excel, visibility, organized, making, information, analyze"
Workday Financial Management,20,2,systems | integrated | different,"systems, integrated, different, multiple, having, business process, touch, companies, problems, processes"
Workday Financial Management,25,2,didn | intuitive | simple,"didn, intuitive, simple, fast, user friendly, friendly, things"
Workday Financial Management,5,1,expenses | tracking | year,"expenses, tracking, year, track, expense, money, budget, tax, reports, tracking expenses"
Workday Financial Management,9,1,bank | reconciliation | financial,"bank, reconciliation, financial, credit, salesforce, force, reconciliations, transactions, credit card, transaction"
Workday Financial Management,10,1,access | based | user,"access, based, user, data, working, connect, big, multiple, mobile, users"
Workday Financial Management,14,1,problems | issues | solved,"problems, issues, solved, problem, solving, resolve, problems solved, solve, service, issue"
Workday Financial Management,19,1,salesforce | seamless | processes,"salesforce, seamless, processes, analyze, data, integrate, billing, accounting"
Workday Financial Management,22,1,month end | month | end,"month end, month, end, close, loss, year end, monthly, profit loss, process, end month"
Xero,3,84,accounting | accountant | based,"accounting, accountant, based, manage, invoices, clients, bank, best, transactions, helped"
Xero,0,81,accounting | invoices | accounts,"accounting, invoices, accounts, invoicing, bookkeeping, keeping, track, payments, small, payroll"
Xero,7,18,allows | track | payroll,"allows, track, payroll, helps, accounting, employees, financial, pay, keeps"
Xero,5,9,expenses | tracking | year,"expenses, tracking, year, track, expense, money, budget, tax, reports, tracking expenses"
Xero,10,9,access | based | user,"access, based, user, data, working, connect, big, multiple, mobile, users"
Xero,9,8,bank | reconciliation | financial,"bank, reconciliation, financial, credit, salesforce, force, reconciliations, transactions, credit card, transaction"
Xero,2,7,reports | financial | report,"reports, financial, report, data, information, run, best, financial reports, generate"
Xero,1,4,accounting | clients | payroll,"accounting, clients, payroll, track, small, allows, reports, helps, invoices, work"
Xero,21,4,profit | profit loss | loss,"profit, profit loss, loss, profitability, performance, doing, improved, business performance, faster, financially"
Xero,11,3,benefits | benefit | productivity,"benefits, benefit, productivity, efficient, ease, biggest, single, work, employees"
Xero,13,3,data | dashboards | dashboard,"data, dashboards, dashboard, ability, excel, visibility, organized, making, information, analyze"
Xero,14,2,problems | issues | solved,"problems, issues, solved, problem, solving, resolve, problems solved, solve, service, issue"
Xero,18,2,ap ar | ar ap | implemented,"ap ar, ar ap, implemented, billing, force, fixed assets, accounting easy"
Xero,6,1,inventory | sales | inventory management,"inventory, sales, inventory management, orders, tracking, customer, stock, customers, products, control"
Xero,16,1,needed | posting | integrate,"needed, posting, integrate, needing, financial, core, control, excellent, warehouse, entities"
Xero,25,1,didn | intuitive | simple,"didn, intuitive, simple, fast, user friendly, friendly, things"
