product_name,topic_id,doc_count,top_keywords
Acumatica,1,877,"customizable, manufacturing, construction, highly customizable, project, room, inventory, inquiries, streamlined, production"
Acumatica,7,105,"inventory, inventory management, order, orders, inventory control, order fulfillment, production, tracking inventory, inventory tracking, manufacturing"
Acumatica,10,64,"erps, manufacturing, upgrading, company good, true, hardware, moving, p2p, systems, implementation"
Acumatica,20,37,"project, projects, project cost, project management, project accounting, tracking projects, construction accounting, management project, construction, reports track"
Acumatica,0,33,"online, desktop, pro, desktop pro, quick books, small, enterprise, use online, recommend, books"
Acumatica,12,29,"reports, report, reports needed, easy generate, reporting, generate, customized, fast reporting, sql, generate reports"
Acumatica,14,28,"automation, manual processes, automation processes, processes, ai, efficiency automation, automation integration, automating, automations, tasks automation"
Acumatica,9,16,"bank, journal, reconciliation, journal entries, reconciliations, transactions, banking, bank accounts, bank statements, entries"
Acumatica,26,16,"time data, real time, real, time reporting, realtime data, realtime, time information, make quicker, having real, reporting user"
Acumatica,27,15,"cloud based, cloud, premise, based, cloud easy, work remotely, based cloud, moving cloud, measure, cloud cloud"
Acumatica,23,14,"implementation, setup, beginning, make sure, time implementation, test, going live, rush, sure, set"
Acumatica,29,14,"dashboards, dashboard, items easy, dashboards help, dashboards helps, time dashboards, line items, data dashboards, ceo, cfo"
Acumatica,15,13,"ap, ar, ap automation, ar ap, ap ar, automation, ap process, ap bills, gl, billing ar"
Acumatica,64,13,"var, understands, partner, don afraid, partner help, implementation work, 18, pm, allowing use, grasp"
Acumatica,33,12,"subsidiaries, multiple subsidiaries, branches, consolidate multiple, parent company, intercompany, deploy, parent, areas business, areas"
Acumatica,28,10,"company time, helped company, workplace, making efficient, helped, efficient, work team, quickly review, new ways, processes helped"
Acumatica,8,9,"invoices, invoice, invoicing, sales invoices, processing invoices, payments, estimates, bills invoices, customer invoices, sending"
Acumatica,32,9,"excel, data excel, export, spreadsheets, using excel, export excel, pdf, sort, spreadsheet, pivot"
Acumatica,44,7,"having data, data place, managing data, source data, data multiple, data source, data single, centralized data, multiple platforms, transfer"
Acumatica,43,6,"remote, remote work, remotely, able work, work remotely, remote access, office, ability work, home, directly clients"
Acumatica,21,5,"definitely recommend, worth penny, worth money, yes, use definitely, penny, fantastic, regret, definitely, recommend"
Acumatica,25,5,"payroll, payroll accounting, easy payroll, employee expense, payrolls, payroll tax, checks, included, employee, expense reports"
Acumatica,58,5,"crm, sales team, crm sales, track leads, delivery, crm data, allow company, company going, complex processes, customer communications"
Acumatica,60,5,"truth, source truth, source, single source, data source, consistent data, source financial, different department, effective use, good data"
Acumatica,19,4,"use great, worth, definitely worth, recommendations, use reliable, price, try great, effective easy, use recommend, cost effective"
Acumatica,22,4,"customer service, service, support needs, support, customer support, needs work, portal, issues using, good support, figure things"
Acumatica,30,4,"financial reporting, reporting financial, financial reports, parallel, storage data, good idea, make financial, reporting really, data salesforce, detailed information"
Acumatica,36,4,"currency, multi currency, multi, foreign currency, foreign, multiple currencies, exchange rates, creating vendors, currencies, multicurrency"
Acumatica,61,4,"release, new features, need improvement, great things, smooth business, add new, getting used, failing, add features, features tools"
Acumatica,65,4,"smartphone, mobile, mobile apps, apps, job make, helps job, sure make, purchasing accounting, 3pl, definitely great"
Acumatica,2,3,"orders, searches, systems, workflows, inventory, operations, powerful, subsidiaries, saved searches, visibility"
Acumatica,11,3,"365, business central, central, power bi, bi, power, outlook, productivity, finance sales, functions"
Acumatica,16,3,"expenses, income, expenses income, track expenses, donations, keeping track, expenses easy, tracking expenses, business expenses, expense"
Acumatica,34,3,"closing, month end, close, close process, end close, month, gl, able close, end, closing month"
Acumatica,37,3,"regret, life lot, try, buy, life, make life, lot easier, second, jump, don let"
Acumatica,39,3,"solve problems, really solving, problems, problems solving, problems just, solving problems, causes, causing, help solve, solving"
Acumatica,42,3,"billing, use cases, billing use, billing easy, automate billing, cases, subscription, usage, based billing, billing problems"
Acumatica,49,3,"checks, write, print, receipts, cutting, printing, checks easy, customer able, purchasing process, payroll invoices"
Acumatica,57,3,"time management, use time, duplication work, project hours, meeting clients, timecard, work managing, getting better, management efficient, way use"
Acumatica,59,3,"departments, multiple departments, collaboration, departments helped, issue user, project progress, inbuilt, accounting purchasing, best way, look forward"
Acumatica,17,2,"small, small business, small businesses, good small, businesses, great small, sized, business small, medium size, medium"
Acumatica,41,2,"consolidation, consolidated financial, financial consolidation, consolidation financial, legal, consolidated, consolidations, entities, international, better process"
Acumatica,45,2,"general ledger, ledger, general, ledgers, general ledgers, ledger reporting, robust integration, robust easy, types easy, transaction details"
Acumatica,50,2,"training, aside, instructions, advantage, features streamline, proper training, lot extra, read, need training, training videos"
Acumatica,54,2,"searches, saved searches, search, saved, important data, feature saved, reports built, need easily, visibility great, supervisors"
Acumatica,55,2,"reporting visibility, financial reporting, management reporting, reporting financial, financial accounting, accounting financial, investor, reporting reporting, reporting compliance, gold standard"
Acumatica,68,2,"users easy, easy small, ability multiple, users user, people using, row, appropriately, multiple users, users, use users"
Acumatica,3,1,"entity, multi entity, multi, ap, entities, entries, helping, month end, consolidations, automates"
Acumatica,5,1,"4hana, 4hana cloud, cloud, analytics, business processes, time analytics, time insights, real time, decision making, real"
Acumatica,13,1,"books, bookkeeping, book, bookkeeper, book keeping, bookkeeping needs, books month, bookkeeping easier, maintaining books, accounting books"
Acumatica,24,1,"financial management, hr, use financial, management manage, employee, hours worked, management solves, student, ensures compliance, approvals"
Acumatica,48,1,"multi entity, entity, entities, multi, multiple entities, managing multiple, data customization, customer supplier, tools gives, entry complex"
Acumatica,53,1,"accounting cloud, old legacy, cloud based, access accounting, cloud, assurance, accounting access, based work, cloud management, download data"
Acumatica,56,1,"content, patient, line item, sure good, works, 3rd party, 3rd, make sure, based program, use doesn"
Acumatica,63,1,"management cloud, decision makers, makers, sales billing, customer relationships, pipeline, financial management, relationships, force com, time implementing"
Acumatica,66,1,"spreadsheets reduces, manual spreadsheets, automate accounting, spreadsheets, 35, resources allows, spreadsheets helps, reduces accounting, resolves issue, paper files"
Acumatica,67,1,"store, high security, data effectively, manage user, protected, reduce number, user data, processing transactions, information access, photos"
Certinia,31,39,"financial force, force, salesforce, configured, consulting, 360, support team, utilization, fraud, questions"
Certinia,38,32,"ffa, ff, psa, salesforce, integration salesforce, data report, end business, sf, renewals, business single"
Certinia,0,18,"online, desktop, pro, desktop pro, quick books, small, enterprise, use online, recommend, books"
Certinia,10,13,"erps, manufacturing, upgrading, company good, true, hardware, moving, p2p, systems, implementation"
Certinia,8,12,"invoices, invoice, invoicing, sales invoices, processing invoices, payments, estimates, bills invoices, customer invoices, sending"
Certinia,23,12,"implementation, setup, beginning, make sure, time implementation, test, going live, rush, sure, set"
Certinia,63,12,"management cloud, decision makers, makers, sales billing, customer relationships, pipeline, financial management, relationships, force com, time implementing"
Certinia,12,8,"reports, report, reports needed, easy generate, reporting, generate, customized, fast reporting, sql, generate reports"
Certinia,30,8,"financial reporting, reporting financial, financial reports, parallel, storage data, good idea, make financial, reporting really, data salesforce, detailed information"
Certinia,9,5,"bank, journal, reconciliation, journal entries, reconciliations, transactions, banking, bank accounts, bank statements, entries"
Certinia,14,5,"automation, manual processes, automation processes, processes, ai, efficiency automation, automation integration, automating, automations, tasks automation"
Certinia,19,5,"use great, worth, definitely worth, recommendations, use reliable, price, try great, effective easy, use recommend, cost effective"
Certinia,36,5,"currency, multi currency, multi, foreign currency, foreign, multiple currencies, exchange rates, creating vendors, currencies, multicurrency"
Certinia,7,4,"inventory, inventory management, order, orders, inventory control, order fulfillment, production, tracking inventory, inventory tracking, manufacturing"
Certinia,20,4,"project, projects, project cost, project management, project accounting, tracking projects, construction accounting, management project, construction, reports track"
Certinia,28,3,"company time, helped company, workplace, making efficient, helped, efficient, work team, quickly review, new ways, processes helped"
Certinia,46,3,"revenue recognition, recognition, revenue, asc 606, asc, 606, schedules, straight, functions works, vp"
Certinia,15,2,"ap, ar, ap automation, ar ap, ap ar, automation, ap process, ap bills, gl, billing ar"
Certinia,22,2,"customer service, service, support needs, support, customer support, needs work, portal, issues using, good support, figure things"
Certinia,29,2,"dashboards, dashboard, items easy, dashboards help, dashboards helps, time dashboards, line items, data dashboards, ceo, cfo"
Certinia,42,2,"billing, use cases, billing use, billing easy, automate billing, cases, subscription, usage, based billing, billing problems"
Certinia,3,1,"entity, multi entity, multi, ap, entities, entries, helping, month end, consolidations, automates"
Certinia,13,1,"books, bookkeeping, book, bookkeeper, book keeping, bookkeeping needs, books month, bookkeeping easier, maintaining books, accounting books"
Certinia,17,1,"small, small business, small businesses, good small, businesses, great small, sized, business small, medium size, medium"
Certinia,21,1,"definitely recommend, worth penny, worth money, yes, use definitely, penny, fantastic, regret, definitely, recommend"
Certinia,32,1,"excel, data excel, export, spreadsheets, using excel, export excel, pdf, sort, spreadsheet, pivot"
Certinia,37,1,"regret, life lot, try, buy, life, make life, lot easier, second, jump, don let"
Certinia,41,1,"consolidation, consolidated financial, financial consolidation, consolidation financial, legal, consolidated, consolidations, entities, international, better process"
Certinia,44,1,"having data, data place, managing data, source data, data multiple, data source, data single, centralized data, multiple platforms, transfer"
Certinia,45,1,"general ledger, ledger, general, ledgers, general ledgers, ledger reporting, robust integration, robust easy, types easy, transaction details"
Certinia,53,1,"accounting cloud, old legacy, cloud based, access accounting, cloud, assurance, accounting access, based work, cloud management, download data"
Certinia,55,1,"reporting visibility, financial reporting, management reporting, reporting financial, financial accounting, accounting financial, investor, reporting reporting, reporting compliance, gold standard"
Certinia,56,1,"content, patient, line item, sure good, works, 3rd party, 3rd, make sure, based program, use doesn"
Certinia,57,1,"time management, use time, duplication work, project hours, meeting clients, timecard, work managing, getting better, management efficient, way use"
Certinia,58,1,"crm, sales team, crm sales, track leads, delivery, crm data, allow company, company going, complex processes, customer communications"
Certinia,61,1,"release, new features, need improvement, great things, smooth business, add new, getting used, failing, add features, features tools"
Certinia,67,1,"store, high security, data effectively, manage user, protected, reduce number, user data, processing transactions, information access, photos"
Intuit Enterprise Suite,62,9,"suite, use enterprise, enterprise, management use, code expenses, businesses making, consolidating financials, bookkeeping services, centralizing place, bookkeeping room"
Intuit Enterprise Suite,9,1,"bank, journal, reconciliation, journal entries, reconciliations, transactions, banking, bank accounts, bank statements, entries"
Intuit Enterprise Suite,13,1,"books, bookkeeping, book, bookkeeper, book keeping, bookkeeping needs, books month, bookkeeping easier, maintaining books, accounting books"
Intuit Enterprise Suite,18,1,"synced, multiple entities, vendor, entities, avoided, format helps, playing, applied, extracting, customers using"
Intuit Enterprise Suite,29,1,"dashboards, dashboard, items easy, dashboards help, dashboards helps, time dashboards, line items, data dashboards, ceo, cfo"
Intuit Enterprise Suite,48,1,"multi entity, entity, entities, multi, multiple entities, managing multiple, data customization, customer supplier, tools gives, entry complex"
Microsoft Dynamics 365,11,229,"365, business central, central, power bi, bi, power, outlook, productivity, finance sales, functions"
Microsoft Dynamics 365,0,39,"online, desktop, pro, desktop pro, quick books, small, enterprise, use online, recommend, books"
Microsoft Dynamics 365,10,32,"erps, manufacturing, upgrading, company good, true, hardware, moving, p2p, systems, implementation"
Microsoft Dynamics 365,7,30,"inventory, inventory management, order, orders, inventory control, order fulfillment, production, tracking inventory, inventory tracking, manufacturing"
Microsoft Dynamics 365,51,19,"order entry, customized easily, ensure use, entry accounting, integration products, educate, sure consider, static, organization finance, number users"
Microsoft Dynamics 365,12,15,"reports, report, reports needed, easy generate, reporting, generate, customized, fast reporting, sql, generate reports"
Microsoft Dynamics 365,8,14,"invoices, invoice, invoicing, sales invoices, processing invoices, payments, estimates, bills invoices, customer invoices, sending"
Microsoft Dynamics 365,9,9,"bank, journal, reconciliation, journal entries, reconciliations, transactions, banking, bank accounts, bank statements, entries"
Microsoft Dynamics 365,17,9,"small, small business, small businesses, good small, businesses, great small, sized, business small, medium size, medium"
Microsoft Dynamics 365,19,8,"use great, worth, definitely worth, recommendations, use reliable, price, try great, effective easy, use recommend, cost effective"
Microsoft Dynamics 365,21,7,"definitely recommend, worth penny, worth money, yes, use definitely, penny, fantastic, regret, definitely, recommend"
Microsoft Dynamics 365,50,7,"training, aside, instructions, advantage, features streamline, proper training, lot extra, read, need training, training videos"
Microsoft Dynamics 365,14,6,"automation, manual processes, automation processes, processes, ai, efficiency automation, automation integration, automating, automations, tasks automation"
Microsoft Dynamics 365,23,6,"implementation, setup, beginning, make sure, time implementation, test, going live, rush, sure, set"
Microsoft Dynamics 365,26,6,"time data, real time, real, time reporting, realtime data, realtime, time information, make quicker, having real, reporting user"
Microsoft Dynamics 365,32,6,"excel, data excel, export, spreadsheets, using excel, export excel, pdf, sort, spreadsheet, pivot"
Microsoft Dynamics 365,15,5,"ap, ar, ap automation, ar ap, ap ar, automation, ap process, ap bills, gl, billing ar"
Microsoft Dynamics 365,22,5,"customer service, service, support needs, support, customer support, needs work, portal, issues using, good support, figure things"
Microsoft Dynamics 365,28,4,"company time, helped company, workplace, making efficient, helped, efficient, work team, quickly review, new ways, processes helped"
Microsoft Dynamics 365,45,4,"general ledger, ledger, general, ledgers, general ledgers, ledger reporting, robust integration, robust easy, types easy, transaction details"
Microsoft Dynamics 365,56,4,"content, patient, line item, sure good, works, 3rd party, 3rd, make sure, based program, use doesn"
Microsoft Dynamics 365,58,4,"crm, sales team, crm sales, track leads, delivery, crm data, allow company, company going, complex processes, customer communications"
Microsoft Dynamics 365,30,3,"financial reporting, reporting financial, financial reports, parallel, storage data, good idea, make financial, reporting really, data salesforce, detailed information"
Microsoft Dynamics 365,39,3,"solve problems, really solving, problems, problems solving, problems just, solving problems, causes, causing, help solve, solving"
Microsoft Dynamics 365,44,3,"having data, data place, managing data, source data, data multiple, data source, data single, centralized data, multiple platforms, transfer"
Microsoft Dynamics 365,57,3,"time management, use time, duplication work, project hours, meeting clients, timecard, work managing, getting better, management efficient, way use"
Microsoft Dynamics 365,59,3,"departments, multiple departments, collaboration, departments helped, issue user, project progress, inbuilt, accounting purchasing, best way, look forward"
Microsoft Dynamics 365,1,2,"customizable, manufacturing, construction, highly customizable, project, room, inventory, inquiries, streamlined, production"
Microsoft Dynamics 365,5,2,"4hana, 4hana cloud, cloud, analytics, business processes, time analytics, time insights, real time, decision making, real"
Microsoft Dynamics 365,20,2,"project, projects, project cost, project management, project accounting, tracking projects, construction accounting, management project, construction, reports track"
Microsoft Dynamics 365,25,2,"payroll, payroll accounting, easy payroll, employee expense, payrolls, payroll tax, checks, included, employee, expense reports"
Microsoft Dynamics 365,27,2,"cloud based, cloud, premise, based, cloud easy, work remotely, based cloud, moving cloud, measure, cloud cloud"
Microsoft Dynamics 365,29,2,"dashboards, dashboard, items easy, dashboards help, dashboards helps, time dashboards, line items, data dashboards, ceo, cfo"
Microsoft Dynamics 365,33,2,"subsidiaries, multiple subsidiaries, branches, consolidate multiple, parent company, intercompany, deploy, parent, areas business, areas"
Microsoft Dynamics 365,41,2,"consolidation, consolidated financial, financial consolidation, consolidation financial, legal, consolidated, consolidations, entities, international, better process"
Microsoft Dynamics 365,53,2,"accounting cloud, old legacy, cloud based, access accounting, cloud, assurance, accounting access, based work, cloud management, download data"
Microsoft Dynamics 365,13,1,"books, bookkeeping, book, bookkeeper, book keeping, bookkeeping needs, books month, bookkeeping easier, maintaining books, accounting books"
Microsoft Dynamics 365,16,1,"expenses, income, expenses income, track expenses, donations, keeping track, expenses easy, tracking expenses, business expenses, expense"
Microsoft Dynamics 365,34,1,"closing, month end, close, close process, end close, month, gl, able close, end, closing month"
Microsoft Dynamics 365,36,1,"currency, multi currency, multi, foreign currency, foreign, multiple currencies, exchange rates, creating vendors, currencies, multicurrency"
Microsoft Dynamics 365,40,1,"tutorials, time learn, learn, know use, use know, really useful, class, super easy, intimidated, training use"
Microsoft Dynamics 365,42,1,"billing, use cases, billing use, billing easy, automate billing, cases, subscription, usage, based billing, billing problems"
Microsoft Dynamics 365,43,1,"remote, remote work, remotely, able work, work remotely, remote access, office, ability work, home, directly clients"
Microsoft Dynamics 365,47,1,"accountant, accountant help, consult, help set, using accountant, set, make adjustments, professional, adjustments, access make"
Microsoft Dynamics 365,48,1,"multi entity, entity, entities, multi, multiple entities, managing multiple, data customization, customer supplier, tools gives, entry complex"
Microsoft Dynamics 365,54,1,"searches, saved searches, search, saved, important data, feature saved, reports built, need easily, visibility great, supervisors"
Microsoft Dynamics 365,61,1,"release, new features, need improvement, great things, smooth business, add new, getting used, failing, add features, features tools"
Microsoft Dynamics 365,65,1,"smartphone, mobile, mobile apps, apps, job make, helps job, sure make, purchasing accounting, 3pl, definitely great"
Microsoft Dynamics 365,66,1,"spreadsheets reduces, manual spreadsheets, automate accounting, spreadsheets, 35, resources allows, spreadsheets helps, reduces accounting, resolves issue, paper files"
Microsoft Dynamics 365,68,1,"users easy, easy small, ability multiple, users user, people using, row, appropriately, multiple users, users, use users"
Oracle NetSuite,2,867,"orders, searches, systems, workflows, inventory, operations, powerful, subsidiaries, saved searches, visibility"
Oracle NetSuite,7,90,"inventory, inventory management, order, orders, inventory control, order fulfillment, production, tracking inventory, inventory tracking, manufacturing"
Oracle NetSuite,10,62,"erps, manufacturing, upgrading, company good, true, hardware, moving, p2p, systems, implementation"
Oracle NetSuite,0,52,"online, desktop, pro, desktop pro, quick books, small, enterprise, use online, recommend, books"
Oracle NetSuite,12,31,"reports, report, reports needed, easy generate, reporting, generate, customized, fast reporting, sql, generate reports"
Oracle NetSuite,14,27,"automation, manual processes, automation processes, processes, ai, efficiency automation, automation integration, automating, automations, tasks automation"
Oracle NetSuite,9,26,"bank, journal, reconciliation, journal entries, reconciliations, transactions, banking, bank accounts, bank statements, entries"
Oracle NetSuite,8,25,"invoices, invoice, invoicing, sales invoices, processing invoices, payments, estimates, bills invoices, customer invoices, sending"
Oracle NetSuite,30,15,"financial reporting, reporting financial, financial reports, parallel, storage data, good idea, make financial, reporting really, data salesforce, detailed information"
Oracle NetSuite,15,14,"ap, ar, ap automation, ar ap, ap ar, automation, ap process, ap bills, gl, billing ar"
Oracle NetSuite,33,14,"subsidiaries, multiple subsidiaries, branches, consolidate multiple, parent company, intercompany, deploy, parent, areas business, areas"
Oracle NetSuite,26,13,"time data, real time, real, time reporting, realtime data, realtime, time information, make quicker, having real, reporting user"
Oracle NetSuite,41,13,"consolidation, consolidated financial, financial consolidation, consolidation financial, legal, consolidated, consolidations, entities, international, better process"
Oracle NetSuite,34,12,"closing, month end, close, close process, end close, month, gl, able close, end, closing month"
Oracle NetSuite,44,10,"having data, data place, managing data, source data, data multiple, data source, data single, centralized data, multiple platforms, transfer"
Oracle NetSuite,46,10,"revenue recognition, recognition, revenue, asc 606, asc, 606, schedules, straight, functions works, vp"
Oracle NetSuite,54,9,"searches, saved searches, search, saved, important data, feature saved, reports built, need easily, visibility great, supervisors"
Oracle NetSuite,60,9,"truth, source truth, source, single source, data source, consistent data, source financial, different department, effective use, good data"
Oracle NetSuite,20,8,"project, projects, project cost, project management, project accounting, tracking projects, construction accounting, management project, construction, reports track"
Oracle NetSuite,42,8,"billing, use cases, billing use, billing easy, automate billing, cases, subscription, usage, based billing, billing problems"
Oracle NetSuite,61,7,"release, new features, need improvement, great things, smooth business, add new, getting used, failing, add features, features tools"
Oracle NetSuite,28,6,"company time, helped company, workplace, making efficient, helped, efficient, work team, quickly review, new ways, processes helped"
Oracle NetSuite,32,6,"excel, data excel, export, spreadsheets, using excel, export excel, pdf, sort, spreadsheet, pivot"
Oracle NetSuite,36,6,"currency, multi currency, multi, foreign currency, foreign, multiple currencies, exchange rates, creating vendors, currencies, multicurrency"
Oracle NetSuite,59,6,"departments, multiple departments, collaboration, departments helped, issue user, project progress, inbuilt, accounting purchasing, best way, look forward"
Oracle NetSuite,13,5,"books, bookkeeping, book, bookkeeper, book keeping, bookkeeping needs, books month, bookkeeping easier, maintaining books, accounting books"
Oracle NetSuite,27,5,"cloud based, cloud, premise, based, cloud easy, work remotely, based cloud, moving cloud, measure, cloud cloud"
Oracle NetSuite,39,5,"solve problems, really solving, problems, problems solving, problems just, solving problems, causes, causing, help solve, solving"
Oracle NetSuite,55,5,"reporting visibility, financial reporting, management reporting, reporting financial, financial accounting, accounting financial, investor, reporting reporting, reporting compliance, gold standard"
Oracle NetSuite,58,5,"crm, sales team, crm sales, track leads, delivery, crm data, allow company, company going, complex processes, customer communications"
Oracle NetSuite,1,4,"customizable, manufacturing, construction, highly customizable, project, room, inventory, inquiries, streamlined, production"
Oracle NetSuite,25,4,"payroll, payroll accounting, easy payroll, employee expense, payrolls, payroll tax, checks, included, employee, expense reports"
Oracle NetSuite,29,4,"dashboards, dashboard, items easy, dashboards help, dashboards helps, time dashboards, line items, data dashboards, ceo, cfo"
Oracle NetSuite,23,3,"implementation, setup, beginning, make sure, time implementation, test, going live, rush, sure, set"
Oracle NetSuite,53,3,"accounting cloud, old legacy, cloud based, access accounting, cloud, assurance, accounting access, based work, cloud management, download data"
Oracle NetSuite,16,2,"expenses, income, expenses income, track expenses, donations, keeping track, expenses easy, tracking expenses, business expenses, expense"
Oracle NetSuite,22,2,"customer service, service, support needs, support, customer support, needs work, portal, issues using, good support, figure things"
Oracle NetSuite,45,2,"general ledger, ledger, general, ledgers, general ledgers, ledger reporting, robust integration, robust easy, types easy, transaction details"
Oracle NetSuite,57,2,"time management, use time, duplication work, project hours, meeting clients, timecard, work managing, getting better, management efficient, way use"
Oracle NetSuite,3,1,"entity, multi entity, multi, ap, entities, entries, helping, month end, consolidations, automates"
Oracle NetSuite,5,1,"4hana, 4hana cloud, cloud, analytics, business processes, time analytics, time insights, real time, decision making, real"
Oracle NetSuite,11,1,"365, business central, central, power bi, bi, power, outlook, productivity, finance sales, functions"
Oracle NetSuite,17,1,"small, small business, small businesses, good small, businesses, great small, sized, business small, medium size, medium"
Oracle NetSuite,31,1,"financial force, force, salesforce, configured, consulting, 360, support team, utilization, fraud, questions"
Oracle NetSuite,38,1,"ffa, ff, psa, salesforce, integration salesforce, data report, end business, sf, renewals, business single"
Oracle NetSuite,43,1,"remote, remote work, remotely, able work, work remotely, remote access, office, ability work, home, directly clients"
Oracle NetSuite,66,1,"spreadsheets reduces, manual spreadsheets, automate accounting, spreadsheets, 35, resources allows, spreadsheets helps, reduces accounting, resolves issue, paper files"
Oracle NetSuite,67,1,"store, high security, data effectively, manage user, protected, reduce number, user data, processing transactions, information access, photos"
QuickBooks Desktop Pro,0,563,"online, desktop, pro, desktop pro, quick books, small, enterprise, use online, recommend, books"
QuickBooks Desktop Pro,6,74,"desktop, online, qbd, unless, don, bookkeeping, reason, pro, accountant, expect"
QuickBooks Desktop Pro,13,38,"books, bookkeeping, book, bookkeeper, book keeping, bookkeeping needs, books month, bookkeeping easier, maintaining books, accounting books"
QuickBooks Desktop Pro,8,37,"invoices, invoice, invoicing, sales invoices, processing invoices, payments, estimates, bills invoices, customer invoices, sending"
QuickBooks Desktop Pro,17,34,"small, small business, small businesses, good small, businesses, great small, sized, business small, medium size, medium"
QuickBooks Desktop Pro,9,28,"bank, journal, reconciliation, journal entries, reconciliations, transactions, banking, bank accounts, bank statements, entries"
QuickBooks Desktop Pro,35,22,"desktop version, version, online version, desktop, desktop online, pc, online, lose, switching desktop, stick desktop"
QuickBooks Desktop Pro,16,21,"expenses, income, expenses income, track expenses, donations, keeping track, expenses easy, tracking expenses, business expenses, expense"
QuickBooks Desktop Pro,25,21,"payroll, payroll accounting, easy payroll, employee expense, payrolls, payroll tax, checks, included, employee, expense reports"
QuickBooks Desktop Pro,21,19,"definitely recommend, worth penny, worth money, yes, use definitely, penny, fantastic, regret, definitely, recommend"
QuickBooks Desktop Pro,19,18,"use great, worth, definitely worth, recommendations, use reliable, price, try great, effective easy, use recommend, cost effective"
QuickBooks Desktop Pro,52,14,"online version, version, consider online, version consider, version use, using online, buying, consider, prefer, need update"
QuickBooks Desktop Pro,40,12,"tutorials, time learn, learn, know use, use know, really useful, class, super easy, intimidated, training use"
QuickBooks Desktop Pro,47,12,"accountant, accountant help, consult, help set, using accountant, set, make adjustments, professional, adjustments, access make"
QuickBooks Desktop Pro,23,11,"implementation, setup, beginning, make sure, time implementation, test, going live, rush, sure, set"
QuickBooks Desktop Pro,7,10,"inventory, inventory management, order, orders, inventory control, order fulfillment, production, tracking inventory, inventory tracking, manufacturing"
QuickBooks Desktop Pro,22,10,"customer service, service, support needs, support, customer support, needs work, portal, issues using, good support, figure things"
QuickBooks Desktop Pro,37,10,"regret, life lot, try, buy, life, make life, lot easier, second, jump, don let"
QuickBooks Desktop Pro,12,8,"reports, report, reports needed, easy generate, reporting, generate, customized, fast reporting, sql, generate reports"
QuickBooks Desktop Pro,27,8,"cloud based, cloud, premise, based, cloud easy, work remotely, based cloud, moving cloud, measure, cloud cloud"
QuickBooks Desktop Pro,15,7,"ap, ar, ap automation, ar ap, ap ar, automation, ap process, ap bills, gl, billing ar"
QuickBooks Desktop Pro,49,7,"checks, write, print, receipts, cutting, printing, checks easy, customer able, purchasing process, payroll invoices"
QuickBooks Desktop Pro,32,5,"excel, data excel, export, spreadsheets, using excel, export excel, pdf, sort, spreadsheet, pivot"
QuickBooks Desktop Pro,42,5,"billing, use cases, billing use, billing easy, automate billing, cases, subscription, usage, based billing, billing problems"
QuickBooks Desktop Pro,20,4,"project, projects, project cost, project management, project accounting, tracking projects, construction accounting, management project, construction, reports track"
QuickBooks Desktop Pro,56,4,"content, patient, line item, sure good, works, 3rd party, 3rd, make sure, based program, use doesn"
QuickBooks Desktop Pro,50,3,"training, aside, instructions, advantage, features streamline, proper training, lot extra, read, need training, training videos"
QuickBooks Desktop Pro,54,3,"searches, saved searches, search, saved, important data, feature saved, reports built, need easily, visibility great, supervisors"
QuickBooks Desktop Pro,55,3,"reporting visibility, financial reporting, management reporting, reporting financial, financial accounting, accounting financial, investor, reporting reporting, reporting compliance, gold standard"
QuickBooks Desktop Pro,62,3,"suite, use enterprise, enterprise, management use, code expenses, businesses making, consolidating financials, bookkeeping services, centralizing place, bookkeeping room"
QuickBooks Desktop Pro,68,3,"users easy, easy small, ability multiple, users user, people using, row, appropriately, multiple users, users, use users"
QuickBooks Desktop Pro,10,2,"erps, manufacturing, upgrading, company good, true, hardware, moving, p2p, systems, implementation"
QuickBooks Desktop Pro,14,2,"automation, manual processes, automation processes, processes, ai, efficiency automation, automation integration, automating, automations, tasks automation"
QuickBooks Desktop Pro,28,2,"company time, helped company, workplace, making efficient, helped, efficient, work team, quickly review, new ways, processes helped"
QuickBooks Desktop Pro,30,2,"financial reporting, reporting financial, financial reports, parallel, storage data, good idea, make financial, reporting really, data salesforce, detailed information"
QuickBooks Desktop Pro,3,1,"entity, multi entity, multi, ap, entities, entries, helping, month end, consolidations, automates"
QuickBooks Desktop Pro,4,1,"cash flow, reconciliation, invoicing, bank reconciliation, effortless, bank, flow, cash, finances, bookkeeping"
QuickBooks Desktop Pro,29,1,"dashboards, dashboard, items easy, dashboards help, dashboards helps, time dashboards, line items, data dashboards, ceo, cfo"
QuickBooks Desktop Pro,33,1,"subsidiaries, multiple subsidiaries, branches, consolidate multiple, parent company, intercompany, deploy, parent, areas business, areas"
QuickBooks Desktop Pro,34,1,"closing, month end, close, close process, end close, month, gl, able close, end, closing month"
QuickBooks Desktop Pro,39,1,"solve problems, really solving, problems, problems solving, problems just, solving problems, causes, causing, help solve, solving"
QuickBooks Desktop Pro,45,1,"general ledger, ledger, general, ledgers, general ledgers, ledger reporting, robust integration, robust easy, types easy, transaction details"
QuickBooks Desktop Pro,57,1,"time management, use time, duplication work, project hours, meeting clients, timecard, work managing, getting better, management efficient, way use"
QuickBooks Desktop Pro,65,1,"smartphone, mobile, mobile apps, apps, job make, helps job, sure make, purchasing accounting, 3pl, definitely great"
QuickBooks Desktop Pro,66,1,"spreadsheets reduces, manual spreadsheets, automate accounting, spreadsheets, 35, resources allows, spreadsheets helps, reduces accounting, resolves issue, paper files"
QuickBooks Desktop Pro,67,1,"store, high security, data effectively, manage user, protected, reduce number, user data, processing transactions, information access, photos"
QuickBooks Enterprise,0,354,"online, desktop, pro, desktop pro, quick books, small, enterprise, use online, recommend, books"
QuickBooks Enterprise,6,56,"desktop, online, qbd, unless, don, bookkeeping, reason, pro, accountant, expect"
QuickBooks Enterprise,12,22,"reports, report, reports needed, easy generate, reporting, generate, customized, fast reporting, sql, generate reports"
QuickBooks Enterprise,8,19,"invoices, invoice, invoicing, sales invoices, processing invoices, payments, estimates, bills invoices, customer invoices, sending"
QuickBooks Enterprise,13,19,"books, bookkeeping, book, bookkeeper, book keeping, bookkeeping needs, books month, bookkeeping easier, maintaining books, accounting books"
QuickBooks Enterprise,9,18,"bank, journal, reconciliation, journal entries, reconciliations, transactions, banking, bank accounts, bank statements, entries"
QuickBooks Enterprise,7,12,"inventory, inventory management, order, orders, inventory control, order fulfillment, production, tracking inventory, inventory tracking, manufacturing"
QuickBooks Enterprise,17,12,"small, small business, small businesses, good small, businesses, great small, sized, business small, medium size, medium"
QuickBooks Enterprise,16,11,"expenses, income, expenses income, track expenses, donations, keeping track, expenses easy, tracking expenses, business expenses, expense"
QuickBooks Enterprise,19,10,"use great, worth, definitely worth, recommendations, use reliable, price, try great, effective easy, use recommend, cost effective"
QuickBooks Enterprise,10,9,"erps, manufacturing, upgrading, company good, true, hardware, moving, p2p, systems, implementation"
QuickBooks Enterprise,21,9,"definitely recommend, worth penny, worth money, yes, use definitely, penny, fantastic, regret, definitely, recommend"
QuickBooks Enterprise,25,7,"payroll, payroll accounting, easy payroll, employee expense, payrolls, payroll tax, checks, included, employee, expense reports"
QuickBooks Enterprise,40,6,"tutorials, time learn, learn, know use, use know, really useful, class, super easy, intimidated, training use"
QuickBooks Enterprise,37,5,"regret, life lot, try, buy, life, make life, lot easier, second, jump, don let"
QuickBooks Enterprise,15,4,"ap, ar, ap automation, ar ap, ap ar, automation, ap process, ap bills, gl, billing ar"
QuickBooks Enterprise,22,4,"customer service, service, support needs, support, customer support, needs work, portal, issues using, good support, figure things"
QuickBooks Enterprise,23,4,"implementation, setup, beginning, make sure, time implementation, test, going live, rush, sure, set"
QuickBooks Enterprise,20,3,"project, projects, project cost, project management, project accounting, tracking projects, construction accounting, management project, construction, reports track"
QuickBooks Enterprise,27,3,"cloud based, cloud, premise, based, cloud easy, work remotely, based cloud, moving cloud, measure, cloud cloud"
QuickBooks Enterprise,28,3,"company time, helped company, workplace, making efficient, helped, efficient, work team, quickly review, new ways, processes helped"
QuickBooks Enterprise,35,3,"desktop version, version, online version, desktop, desktop online, pc, online, lose, switching desktop, stick desktop"
QuickBooks Enterprise,39,3,"solve problems, really solving, problems, problems solving, problems just, solving problems, causes, causing, help solve, solving"
QuickBooks Enterprise,49,3,"checks, write, print, receipts, cutting, printing, checks easy, customer able, purchasing process, payroll invoices"
QuickBooks Enterprise,50,3,"training, aside, instructions, advantage, features streamline, proper training, lot extra, read, need training, training videos"
QuickBooks Enterprise,1,2,"customizable, manufacturing, construction, highly customizable, project, room, inventory, inquiries, streamlined, production"
QuickBooks Enterprise,3,2,"entity, multi entity, multi, ap, entities, entries, helping, month end, consolidations, automates"
QuickBooks Enterprise,14,2,"automation, manual processes, automation processes, processes, ai, efficiency automation, automation integration, automating, automations, tasks automation"
QuickBooks Enterprise,32,2,"excel, data excel, export, spreadsheets, using excel, export excel, pdf, sort, spreadsheet, pivot"
QuickBooks Enterprise,47,2,"accountant, accountant help, consult, help set, using accountant, set, make adjustments, professional, adjustments, access make"
QuickBooks Enterprise,56,2,"content, patient, line item, sure good, works, 3rd party, 3rd, make sure, based program, use doesn"
QuickBooks Enterprise,65,2,"smartphone, mobile, mobile apps, apps, job make, helps job, sure make, purchasing accounting, 3pl, definitely great"
QuickBooks Enterprise,68,2,"users easy, easy small, ability multiple, users user, people using, row, appropriately, multiple users, users, use users"
QuickBooks Enterprise,26,1,"time data, real time, real, time reporting, realtime data, realtime, time information, make quicker, having real, reporting user"
QuickBooks Enterprise,30,1,"financial reporting, reporting financial, financial reports, parallel, storage data, good idea, make financial, reporting really, data salesforce, detailed information"
QuickBooks Enterprise,41,1,"consolidation, consolidated financial, financial consolidation, consolidation financial, legal, consolidated, consolidations, entities, international, better process"
QuickBooks Enterprise,43,1,"remote, remote work, remotely, able work, work remotely, remote access, office, ability work, home, directly clients"
QuickBooks Enterprise,45,1,"general ledger, ledger, general, ledgers, general ledgers, ledger reporting, robust integration, robust easy, types easy, transaction details"
QuickBooks Enterprise,52,1,"online version, version, consider online, version consider, version use, using online, buying, consider, prefer, need update"
QuickBooks Enterprise,55,1,"reporting visibility, financial reporting, management reporting, reporting financial, financial accounting, accounting financial, investor, reporting reporting, reporting compliance, gold standard"
QuickBooks Enterprise,66,1,"spreadsheets reduces, manual spreadsheets, automate accounting, spreadsheets, 35, resources allows, spreadsheets helps, reduces accounting, resolves issue, paper files"
QuickBooks Enterprise,67,1,"store, high security, data effectively, manage user, protected, reduce number, user data, processing transactions, information access, photos"
QuickBooks Online,0,715,"online, desktop, pro, desktop pro, quick books, small, enterprise, use online, recommend, books"
QuickBooks Online,6,170,"desktop, online, qbd, unless, don, bookkeeping, reason, pro, accountant, expect"
QuickBooks Online,8,54,"invoices, invoice, invoicing, sales invoices, processing invoices, payments, estimates, bills invoices, customer invoices, sending"
QuickBooks Online,13,50,"books, bookkeeping, book, bookkeeper, book keeping, bookkeeping needs, books month, bookkeeping easier, maintaining books, accounting books"
QuickBooks Online,9,48,"bank, journal, reconciliation, journal entries, reconciliations, transactions, banking, bank accounts, bank statements, entries"
QuickBooks Online,16,27,"expenses, income, expenses income, track expenses, donations, keeping track, expenses easy, tracking expenses, business expenses, expense"
QuickBooks Online,22,19,"customer service, service, support needs, support, customer support, needs work, portal, issues using, good support, figure things"
QuickBooks Online,17,18,"small, small business, small businesses, good small, businesses, great small, sized, business small, medium size, medium"
QuickBooks Online,21,18,"definitely recommend, worth penny, worth money, yes, use definitely, penny, fantastic, regret, definitely, recommend"
QuickBooks Online,19,13,"use great, worth, definitely worth, recommendations, use reliable, price, try great, effective easy, use recommend, cost effective"
QuickBooks Online,43,13,"remote, remote work, remotely, able work, work remotely, remote access, office, ability work, home, directly clients"
QuickBooks Online,12,11,"reports, report, reports needed, easy generate, reporting, generate, customized, fast reporting, sql, generate reports"
QuickBooks Online,40,10,"tutorials, time learn, learn, know use, use know, really useful, class, super easy, intimidated, training use"
QuickBooks Online,25,9,"payroll, payroll accounting, easy payroll, employee expense, payrolls, payroll tax, checks, included, employee, expense reports"
QuickBooks Online,35,9,"desktop version, version, online version, desktop, desktop online, pc, online, lose, switching desktop, stick desktop"
QuickBooks Online,37,9,"regret, life lot, try, buy, life, make life, lot easier, second, jump, don let"
QuickBooks Online,7,8,"inventory, inventory management, order, orders, inventory control, order fulfillment, production, tracking inventory, inventory tracking, manufacturing"
QuickBooks Online,39,8,"solve problems, really solving, problems, problems solving, problems just, solving problems, causes, causing, help solve, solving"
QuickBooks Online,47,6,"accountant, accountant help, consult, help set, using accountant, set, make adjustments, professional, adjustments, access make"
QuickBooks Online,20,5,"project, projects, project cost, project management, project accounting, tracking projects, construction accounting, management project, construction, reports track"
QuickBooks Online,42,5,"billing, use cases, billing use, billing easy, automate billing, cases, subscription, usage, based billing, billing problems"
QuickBooks Online,52,5,"online version, version, consider online, version consider, version use, using online, buying, consider, prefer, need update"
QuickBooks Online,10,4,"erps, manufacturing, upgrading, company good, true, hardware, moving, p2p, systems, implementation"
QuickBooks Online,15,4,"ap, ar, ap automation, ar ap, ap ar, automation, ap process, ap bills, gl, billing ar"
QuickBooks Online,49,4,"checks, write, print, receipts, cutting, printing, checks easy, customer able, purchasing process, payroll invoices"
QuickBooks Online,56,4,"content, patient, line item, sure good, works, 3rd party, 3rd, make sure, based program, use doesn"
QuickBooks Online,57,4,"time management, use time, duplication work, project hours, meeting clients, timecard, work managing, getting better, management efficient, way use"
QuickBooks Online,65,4,"smartphone, mobile, mobile apps, apps, job make, helps job, sure make, purchasing accounting, 3pl, definitely great"
QuickBooks Online,14,3,"automation, manual processes, automation processes, processes, ai, efficiency automation, automation integration, automating, automations, tasks automation"
QuickBooks Online,23,3,"implementation, setup, beginning, make sure, time implementation, test, going live, rush, sure, set"
QuickBooks Online,27,3,"cloud based, cloud, premise, based, cloud easy, work remotely, based cloud, moving cloud, measure, cloud cloud"
QuickBooks Online,45,3,"general ledger, ledger, general, ledgers, general ledgers, ledger reporting, robust integration, robust easy, types easy, transaction details"
QuickBooks Online,55,3,"reporting visibility, financial reporting, management reporting, reporting financial, financial accounting, accounting financial, investor, reporting reporting, reporting compliance, gold standard"
QuickBooks Online,3,2,"entity, multi entity, multi, ap, entities, entries, helping, month end, consolidations, automates"
QuickBooks Online,28,2,"company time, helped company, workplace, making efficient, helped, efficient, work team, quickly review, new ways, processes helped"
QuickBooks Online,29,2,"dashboards, dashboard, items easy, dashboards help, dashboards helps, time dashboards, line items, data dashboards, ceo, cfo"
QuickBooks Online,33,2,"subsidiaries, multiple subsidiaries, branches, consolidate multiple, parent company, intercompany, deploy, parent, areas business, areas"
QuickBooks Online,41,2,"consolidation, consolidated financial, financial consolidation, consolidation financial, legal, consolidated, consolidations, entities, international, better process"
QuickBooks Online,66,2,"spreadsheets reduces, manual spreadsheets, automate accounting, spreadsheets, 35, resources allows, spreadsheets helps, reduces accounting, resolves issue, paper files"
QuickBooks Online,68,2,"users easy, easy small, ability multiple, users user, people using, row, appropriately, multiple users, users, use users"
QuickBooks Online,1,1,"customizable, manufacturing, construction, highly customizable, project, room, inventory, inquiries, streamlined, production"
QuickBooks Online,2,1,"orders, searches, systems, workflows, inventory, operations, powerful, subsidiaries, saved searches, visibility"
QuickBooks Online,26,1,"time data, real time, real, time reporting, realtime data, realtime, time information, make quicker, having real, reporting user"
QuickBooks Online,30,1,"financial reporting, reporting financial, financial reports, parallel, storage data, good idea, make financial, reporting really, data salesforce, detailed information"
QuickBooks Online,36,1,"currency, multi currency, multi, foreign currency, foreign, multiple currencies, exchange rates, creating vendors, currencies, multicurrency"
QuickBooks Online,44,1,"having data, data place, managing data, source data, data multiple, data source, data single, centralized data, multiple platforms, transfer"
QuickBooks Online,46,1,"revenue recognition, recognition, revenue, asc 606, asc, 606, schedules, straight, functions works, vp"
QuickBooks Online,51,1,"order entry, customized easily, ensure use, entry accounting, integration products, educate, sure consider, static, organization finance, number users"
QuickBooks Online,53,1,"accounting cloud, old legacy, cloud based, access accounting, cloud, assurance, accounting access, based work, cloud management, download data"
QuickBooks Online,62,1,"suite, use enterprise, enterprise, management use, code expenses, businesses making, consolidating financials, bookkeeping services, centralizing place, bookkeeping room"
SAP S/4HANA Cloud,5,430,"4hana, 4hana cloud, cloud, analytics, business processes, time analytics, time insights, real time, decision making, real"
SAP S/4HANA Cloud,10,34,"erps, manufacturing, upgrading, company good, true, hardware, moving, p2p, systems, implementation"
SAP S/4HANA Cloud,7,27,"inventory, inventory management, order, orders, inventory control, order fulfillment, production, tracking inventory, inventory tracking, manufacturing"
SAP S/4HANA Cloud,0,14,"online, desktop, pro, desktop pro, quick books, small, enterprise, use online, recommend, books"
SAP S/4HANA Cloud,14,10,"automation, manual processes, automation processes, processes, ai, efficiency automation, automation integration, automating, automations, tasks automation"
SAP S/4HANA Cloud,26,8,"time data, real time, real, time reporting, realtime data, realtime, time information, make quicker, having real, reporting user"
SAP S/4HANA Cloud,9,7,"bank, journal, reconciliation, journal entries, reconciliations, transactions, banking, bank accounts, bank statements, entries"
SAP S/4HANA Cloud,27,7,"cloud based, cloud, premise, based, cloud easy, work remotely, based cloud, moving cloud, measure, cloud cloud"
SAP S/4HANA Cloud,12,6,"reports, report, reports needed, easy generate, reporting, generate, customized, fast reporting, sql, generate reports"
SAP S/4HANA Cloud,19,5,"use great, worth, definitely worth, recommendations, use reliable, price, try great, effective easy, use recommend, cost effective"
SAP S/4HANA Cloud,28,4,"company time, helped company, workplace, making efficient, helped, efficient, work team, quickly review, new ways, processes helped"
SAP S/4HANA Cloud,22,3,"customer service, service, support needs, support, customer support, needs work, portal, issues using, good support, figure things"
SAP S/4HANA Cloud,29,3,"dashboards, dashboard, items easy, dashboards help, dashboards helps, time dashboards, line items, data dashboards, ceo, cfo"
SAP S/4HANA Cloud,34,3,"closing, month end, close, close process, end close, month, gl, able close, end, closing month"
SAP S/4HANA Cloud,37,3,"regret, life lot, try, buy, life, make life, lot easier, second, jump, don let"
SAP S/4HANA Cloud,67,3,"store, high security, data effectively, manage user, protected, reduce number, user data, processing transactions, information access, photos"
SAP S/4HANA Cloud,8,2,"invoices, invoice, invoicing, sales invoices, processing invoices, payments, estimates, bills invoices, customer invoices, sending"
SAP S/4HANA Cloud,17,2,"small, small business, small businesses, good small, businesses, great small, sized, business small, medium size, medium"
SAP S/4HANA Cloud,30,2,"financial reporting, reporting financial, financial reports, parallel, storage data, good idea, make financial, reporting really, data salesforce, detailed information"
SAP S/4HANA Cloud,33,2,"subsidiaries, multiple subsidiaries, branches, consolidate multiple, parent company, intercompany, deploy, parent, areas business, areas"
SAP S/4HANA Cloud,50,2,"training, aside, instructions, advantage, features streamline, proper training, lot extra, read, need training, training videos"
SAP S/4HANA Cloud,59,2,"departments, multiple departments, collaboration, departments helped, issue user, project progress, inbuilt, accounting purchasing, best way, look forward"
SAP S/4HANA Cloud,1,1,"customizable, manufacturing, construction, highly customizable, project, room, inventory, inquiries, streamlined, production"
SAP S/4HANA Cloud,2,1,"orders, searches, systems, workflows, inventory, operations, powerful, subsidiaries, saved searches, visibility"
SAP S/4HANA Cloud,4,1,"cash flow, reconciliation, invoicing, bank reconciliation, effortless, bank, flow, cash, finances, bookkeeping"
SAP S/4HANA Cloud,13,1,"books, bookkeeping, book, bookkeeper, book keeping, bookkeeping needs, books month, bookkeeping easier, maintaining books, accounting books"
SAP S/4HANA Cloud,20,1,"project, projects, project cost, project management, project accounting, tracking projects, construction accounting, management project, construction, reports track"
SAP S/4HANA Cloud,23,1,"implementation, setup, beginning, make sure, time implementation, test, going live, rush, sure, set"
SAP S/4HANA Cloud,25,1,"payroll, payroll accounting, easy payroll, employee expense, payrolls, payroll tax, checks, included, employee, expense reports"
SAP S/4HANA Cloud,58,1,"crm, sales team, crm sales, track leads, delivery, crm data, allow company, company going, complex processes, customer communications"
Sage Intacct,3,789,"entity, multi entity, multi, ap, entities, entries, helping, month end, consolidations, automates"
Sage Intacct,18,78,"synced, multiple entities, vendor, entities, avoided, format helps, playing, applied, extracting, customers using"
Sage Intacct,0,63,"online, desktop, pro, desktop pro, quick books, small, enterprise, use online, recommend, books"
Sage Intacct,8,58,"invoices, invoice, invoicing, sales invoices, processing invoices, payments, estimates, bills invoices, customer invoices, sending"
Sage Intacct,9,52,"bank, journal, reconciliation, journal entries, reconciliations, transactions, banking, bank accounts, bank statements, entries"
Sage Intacct,15,52,"ap, ar, ap automation, ar ap, ap ar, automation, ap process, ap bills, gl, billing ar"
Sage Intacct,12,51,"reports, report, reports needed, easy generate, reporting, generate, customized, fast reporting, sql, generate reports"
Sage Intacct,14,21,"automation, manual processes, automation processes, processes, ai, efficiency automation, automation integration, automating, automations, tasks automation"
Sage Intacct,48,16,"multi entity, entity, entities, multi, multiple entities, managing multiple, data customization, customer supplier, tools gives, entry complex"
Sage Intacct,34,15,"closing, month end, close, close process, end close, month, gl, able close, end, closing month"
Sage Intacct,10,14,"erps, manufacturing, upgrading, company good, true, hardware, moving, p2p, systems, implementation"
Sage Intacct,7,13,"inventory, inventory management, order, orders, inventory control, order fulfillment, production, tracking inventory, inventory tracking, manufacturing"
Sage Intacct,13,13,"books, bookkeeping, book, bookkeeper, book keeping, bookkeeping needs, books month, bookkeeping easier, maintaining books, accounting books"
Sage Intacct,29,13,"dashboards, dashboard, items easy, dashboards help, dashboards helps, time dashboards, line items, data dashboards, ceo, cfo"
Sage Intacct,28,12,"company time, helped company, workplace, making efficient, helped, efficient, work team, quickly review, new ways, processes helped"
Sage Intacct,36,11,"currency, multi currency, multi, foreign currency, foreign, multiple currencies, exchange rates, creating vendors, currencies, multicurrency"
Sage Intacct,30,9,"financial reporting, reporting financial, financial reports, parallel, storage data, good idea, make financial, reporting really, data salesforce, detailed information"
Sage Intacct,39,8,"solve problems, really solving, problems, problems solving, problems just, solving problems, causes, causing, help solve, solving"
Sage Intacct,32,7,"excel, data excel, export, spreadsheets, using excel, export excel, pdf, sort, spreadsheet, pivot"
Sage Intacct,45,7,"general ledger, ledger, general, ledgers, general ledgers, ledger reporting, robust integration, robust easy, types easy, transaction details"
Sage Intacct,46,7,"revenue recognition, recognition, revenue, asc 606, asc, 606, schedules, straight, functions works, vp"
Sage Intacct,41,6,"consolidation, consolidated financial, financial consolidation, consolidation financial, legal, consolidated, consolidations, entities, international, better process"
Sage Intacct,22,5,"customer service, service, support needs, support, customer support, needs work, portal, issues using, good support, figure things"
Sage Intacct,20,4,"project, projects, project cost, project management, project accounting, tracking projects, construction accounting, management project, construction, reports track"
Sage Intacct,26,4,"time data, real time, real, time reporting, realtime data, realtime, time information, make quicker, having real, reporting user"
Sage Intacct,27,4,"cloud based, cloud, premise, based, cloud easy, work remotely, based cloud, moving cloud, measure, cloud cloud"
Sage Intacct,33,4,"subsidiaries, multiple subsidiaries, branches, consolidate multiple, parent company, intercompany, deploy, parent, areas business, areas"
Sage Intacct,53,4,"accounting cloud, old legacy, cloud based, access accounting, cloud, assurance, accounting access, based work, cloud management, download data"
Sage Intacct,66,4,"spreadsheets reduces, manual spreadsheets, automate accounting, spreadsheets, 35, resources allows, spreadsheets helps, reduces accounting, resolves issue, paper files"
Sage Intacct,2,3,"orders, searches, systems, workflows, inventory, operations, powerful, subsidiaries, saved searches, visibility"
Sage Intacct,6,3,"desktop, online, qbd, unless, don, bookkeeping, reason, pro, accountant, expect"
Sage Intacct,43,3,"remote, remote work, remotely, able work, work remotely, remote access, office, ability work, home, directly clients"
Sage Intacct,55,3,"reporting visibility, financial reporting, management reporting, reporting financial, financial accounting, accounting financial, investor, reporting reporting, reporting compliance, gold standard"
Sage Intacct,1,2,"customizable, manufacturing, construction, highly customizable, project, room, inventory, inquiries, streamlined, production"
Sage Intacct,5,2,"4hana, 4hana cloud, cloud, analytics, business processes, time analytics, time insights, real time, decision making, real"
Sage Intacct,21,2,"definitely recommend, worth penny, worth money, yes, use definitely, penny, fantastic, regret, definitely, recommend"
Sage Intacct,44,2,"having data, data place, managing data, source data, data multiple, data source, data single, centralized data, multiple platforms, transfer"
Sage Intacct,54,2,"searches, saved searches, search, saved, important data, feature saved, reports built, need easily, visibility great, supervisors"
Sage Intacct,16,1,"expenses, income, expenses income, track expenses, donations, keeping track, expenses easy, tracking expenses, business expenses, expense"
Sage Intacct,17,1,"small, small business, small businesses, good small, businesses, great small, sized, business small, medium size, medium"
Sage Intacct,19,1,"use great, worth, definitely worth, recommendations, use reliable, price, try great, effective easy, use recommend, cost effective"
Sage Intacct,23,1,"implementation, setup, beginning, make sure, time implementation, test, going live, rush, sure, set"
Sage Intacct,25,1,"payroll, payroll accounting, easy payroll, employee expense, payrolls, payroll tax, checks, included, employee, expense reports"
Sage Intacct,40,1,"tutorials, time learn, learn, know use, use know, really useful, class, super easy, intimidated, training use"
Sage Intacct,42,1,"billing, use cases, billing use, billing easy, automate billing, cases, subscription, usage, based billing, billing problems"
Sage Intacct,49,1,"checks, write, print, receipts, cutting, printing, checks easy, customer able, purchasing process, payroll invoices"
Sage Intacct,50,1,"training, aside, instructions, advantage, features streamline, proper training, lot extra, read, need training, training videos"
Sage Intacct,56,1,"content, patient, line item, sure good, works, 3rd party, 3rd, make sure, based program, use doesn"
Sage Intacct,57,1,"time management, use time, duplication work, project hours, meeting clients, timecard, work managing, getting better, management efficient, way use"
Sage Intacct,67,1,"store, high security, data effectively, manage user, protected, reduce number, user data, processing transactions, information access, photos"
Workday Financial Management,24,59,"financial management, hr, use financial, management manage, employee, hours worked, management solves, student, ensures compliance, approvals"
Workday Financial Management,0,5,"online, desktop, pro, desktop pro, quick books, small, enterprise, use online, recommend, books"
Workday Financial Management,12,5,"reports, report, reports needed, easy generate, reporting, generate, customized, fast reporting, sql, generate reports"
Workday Financial Management,14,4,"automation, manual processes, automation processes, processes, ai, efficiency automation, automation integration, automating, automations, tasks automation"
Workday Financial Management,16,4,"expenses, income, expenses income, track expenses, donations, keeping track, expenses easy, tracking expenses, business expenses, expense"
Workday Financial Management,19,4,"use great, worth, definitely worth, recommendations, use reliable, price, try great, effective easy, use recommend, cost effective"
Workday Financial Management,9,3,"bank, journal, reconciliation, journal entries, reconciliations, transactions, banking, bank accounts, bank statements, entries"
Workday Financial Management,25,3,"payroll, payroll accounting, easy payroll, employee expense, payrolls, payroll tax, checks, included, employee, expense reports"
Workday Financial Management,26,3,"time data, real time, real, time reporting, realtime data, realtime, time information, make quicker, having real, reporting user"
Workday Financial Management,7,2,"inventory, inventory management, order, orders, inventory control, order fulfillment, production, tracking inventory, inventory tracking, manufacturing"
Workday Financial Management,8,2,"invoices, invoice, invoicing, sales invoices, processing invoices, payments, estimates, bills invoices, customer invoices, sending"
Workday Financial Management,10,2,"erps, manufacturing, upgrading, company good, true, hardware, moving, p2p, systems, implementation"
Workday Financial Management,28,2,"company time, helped company, workplace, making efficient, helped, efficient, work team, quickly review, new ways, processes helped"
Workday Financial Management,32,2,"excel, data excel, export, spreadsheets, using excel, export excel, pdf, sort, spreadsheet, pivot"
Workday Financial Management,13,1,"books, bookkeeping, book, bookkeeper, book keeping, bookkeeping needs, books month, bookkeeping easier, maintaining books, accounting books"
Workday Financial Management,21,1,"definitely recommend, worth penny, worth money, yes, use definitely, penny, fantastic, regret, definitely, recommend"
Workday Financial Management,23,1,"implementation, setup, beginning, make sure, time implementation, test, going live, rush, sure, set"
Workday Financial Management,31,1,"financial force, force, salesforce, configured, consulting, 360, support team, utilization, fraud, questions"
Workday Financial Management,35,1,"desktop version, version, online version, desktop, desktop online, pc, online, lose, switching desktop, stick desktop"
Workday Financial Management,41,1,"consolidation, consolidated financial, financial consolidation, consolidation financial, legal, consolidated, consolidations, entities, international, better process"
Workday Financial Management,46,1,"revenue recognition, recognition, revenue, asc 606, asc, 606, schedules, straight, functions works, vp"
Workday Financial Management,49,1,"checks, write, print, receipts, cutting, printing, checks easy, customer able, purchasing process, payroll invoices"
Workday Financial Management,50,1,"training, aside, instructions, advantage, features streamline, proper training, lot extra, read, need training, training videos"
Workday Financial Management,54,1,"searches, saved searches, search, saved, important data, feature saved, reports built, need easily, visibility great, supervisors"
Workday Financial Management,56,1,"content, patient, line item, sure good, works, 3rd party, 3rd, make sure, based program, use doesn"
Workday Financial Management,60,1,"truth, source truth, source, single source, data source, consistent data, source financial, different department, effective use, good data"
Workday Financial Management,67,1,"store, high security, data effectively, manage user, protected, reduce number, user data, processing transactions, information access, photos"
Xero,4,794,"cash flow, reconciliation, invoicing, bank reconciliation, effortless, bank, flow, cash, finances, bookkeeping"
Xero,0,86,"online, desktop, pro, desktop pro, quick books, small, enterprise, use online, recommend, books"
Xero,9,45,"bank, journal, reconciliation, journal entries, reconciliations, transactions, banking, bank accounts, bank statements, entries"
Xero,8,43,"invoices, invoice, invoicing, sales invoices, processing invoices, payments, estimates, bills invoices, customer invoices, sending"
Xero,13,34,"books, bookkeeping, book, bookkeeper, book keeping, bookkeeping needs, books month, bookkeeping easier, maintaining books, accounting books"
Xero,16,18,"expenses, income, expenses income, track expenses, donations, keeping track, expenses easy, tracking expenses, business expenses, expense"
Xero,12,12,"reports, report, reports needed, easy generate, reporting, generate, customized, fast reporting, sql, generate reports"
Xero,6,10,"desktop, online, qbd, unless, don, bookkeeping, reason, pro, accountant, expect"
Xero,19,8,"use great, worth, definitely worth, recommendations, use reliable, price, try great, effective easy, use recommend, cost effective"
Xero,22,8,"customer service, service, support needs, support, customer support, needs work, portal, issues using, good support, figure things"
Xero,53,7,"accounting cloud, old legacy, cloud based, access accounting, cloud, assurance, accounting access, based work, cloud management, download data"
Xero,29,6,"dashboards, dashboard, items easy, dashboards help, dashboards helps, time dashboards, line items, data dashboards, ceo, cfo"
Xero,36,6,"currency, multi currency, multi, foreign currency, foreign, multiple currencies, exchange rates, creating vendors, currencies, multicurrency"
Xero,17,5,"small, small business, small businesses, good small, businesses, great small, sized, business small, medium size, medium"
Xero,23,4,"implementation, setup, beginning, make sure, time implementation, test, going live, rush, sure, set"
Xero,25,4,"payroll, payroll accounting, easy payroll, employee expense, payrolls, payroll tax, checks, included, employee, expense reports"
Xero,27,4,"cloud based, cloud, premise, based, cloud easy, work remotely, based cloud, moving cloud, measure, cloud cloud"
Xero,3,3,"entity, multi entity, multi, ap, entities, entries, helping, month end, consolidations, automates"
Xero,7,3,"inventory, inventory management, order, orders, inventory control, order fulfillment, production, tracking inventory, inventory tracking, manufacturing"
Xero,10,3,"erps, manufacturing, upgrading, company good, true, hardware, moving, p2p, systems, implementation"
Xero,32,3,"excel, data excel, export, spreadsheets, using excel, export excel, pdf, sort, spreadsheet, pivot"
Xero,37,3,"regret, life lot, try, buy, life, make life, lot easier, second, jump, don let"
Xero,14,2,"automation, manual processes, automation processes, processes, ai, efficiency automation, automation integration, automating, automations, tasks automation"
Xero,15,2,"ap, ar, ap automation, ar ap, ap ar, automation, ap process, ap bills, gl, billing ar"
Xero,21,2,"definitely recommend, worth penny, worth money, yes, use definitely, penny, fantastic, regret, definitely, recommend"
Xero,45,2,"general ledger, ledger, general, ledgers, general ledgers, ledger reporting, robust integration, robust easy, types easy, transaction details"
Xero,48,2,"multi entity, entity, entities, multi, multiple entities, managing multiple, data customization, customer supplier, tools gives, entry complex"
Xero,49,2,"checks, write, print, receipts, cutting, printing, checks easy, customer able, purchasing process, payroll invoices"
Xero,57,2,"time management, use time, duplication work, project hours, meeting clients, timecard, work managing, getting better, management efficient, way use"
Xero,59,2,"departments, multiple departments, collaboration, departments helped, issue user, project progress, inbuilt, accounting purchasing, best way, look forward"
Xero,20,1,"project, projects, project cost, project management, project accounting, tracking projects, construction accounting, management project, construction, reports track"
Xero,26,1,"time data, real time, real, time reporting, realtime data, realtime, time information, make quicker, having real, reporting user"
Xero,28,1,"company time, helped company, workplace, making efficient, helped, efficient, work team, quickly review, new ways, processes helped"
Xero,34,1,"closing, month end, close, close process, end close, month, gl, able close, end, closing month"
Xero,39,1,"solve problems, really solving, problems, problems solving, problems just, solving problems, causes, causing, help solve, solving"
Xero,42,1,"billing, use cases, billing use, billing easy, automate billing, cases, subscription, usage, based billing, billing problems"
Xero,43,1,"remote, remote work, remotely, able work, work remotely, remote access, office, ability work, home, directly clients"
Xero,47,1,"accountant, accountant help, consult, help set, using accountant, set, make adjustments, professional, adjustments, access make"
Xero,50,1,"training, aside, instructions, advantage, features streamline, proper training, lot extra, read, need training, training videos"
Xero,54,1,"searches, saved searches, search, saved, important data, feature saved, reports built, need easily, visibility great, supervisors"
Xero,55,1,"reporting visibility, financial reporting, management reporting, reporting financial, financial accounting, accounting financial, investor, reporting reporting, reporting compliance, gold standard"
Xero,61,1,"release, new features, need improvement, great things, smooth business, add new, getting used, failing, add features, features tools"
Xero,66,1,"spreadsheets reduces, manual spreadsheets, automate accounting, spreadsheets, 35, resources allows, spreadsheets helps, reduces accounting, resolves issue, paper files"
Xero,67,1,"store, high security, data effectively, manage user, protected, reduce number, user data, processing transactions, information access, photos"
